film_id,slogan
09372446-bb6a-4b3d-82f5-95f7e2a958a2,"Throughout history he has filled the hearts of men with terror, and the hearts of women with desire."
045b7f61-44fd-4f01-a23e-d984f0fffb7e,Nosferatu...he who is doomed to wander alone in darkness. Nosferatu...he who is condemned to destroy even those whom he loves. Nosferatu...a tale of seduction in the dark night of the soul.
cc64300c-8140-44cf-b1dc-b1fb5b4dd4fa,A comic tale of horror and seduction.
0e245d7d-4f85-42b0-8810-36e8933d693b,Fate has found its hero.
fc6651a7-fb08-4717-a0d1-00fba5aef294,Une aventure que tu n'oubliera jamais...
1dcfc6cd-0879-45e3-9cef-22db27f2d5f2,Nous sommes ici pour préserver la démocratie et non l'appliquer
c940d72c-7aec-4baf-a8ef-0cac6536f7a3,La chasse est lancée !
2ed1d67e-a806-4e35-b625-ca2b029e366c,Il se prend pour Dieu … Mais Dieu a horreur de la concurrence.
8a973d17-fccf-4240-8157-573db91eaa6c,Il affronte un adversaire impitoyable. Et combat pour sa vie.
eaf58060-210e-465a-92e4-eed803451813,"Ding dong, tu es mort."
110d3753-c18e-45b8-9f4d-cf2736abe00a,Quatre héros du passé se battent pour protéger l'avenir.
e4e5143d-c8b6-44ae-8d83-0699c1fb9272,Un souffle d'oxygène et il vous explose à la figure.
e155fb8f-15f9-4285-a742-7cc2a54aabcf,Mignons. Malins. Méchants. Intelligents. Dangereux.
dacfc97e-7ad7-4fe1-ba9a-f1f2e956fa4c,Elle travaille dans un monde d'hommes. Elle danse dans le monde de ses rêves.
c818af7e-20e9-4172-b022-cb605f235a3f,Et si un jeu vidéo déclenchait une guerre nucléaire ?
428bc8c4-3f25-4a21-862e-f5d4abd1cf2c,L’homme en a fait son égal… maintenant c’est son problème.
a9f73754-847d-43b7-9529-bfe7fecd487f,L'homme est la meilleure cachette qui soit.
f851fa63-1c5d-473d-9405-375675a20771,"Quand la violence s'empare du monde, priez pour qu'il soit là..."
4dafc2bb-39bd-4cc7-ad8a-76e74f377aeb,Sa vie est à un million contre un
0bed1543-84ac-4c53-be68-43299ced4897,La guerre est un enfer. Ceci était pire...
e90836cf-cc5f-477d-9ca1-a44f1bd95abf,"Cette fois, il se bat pour sauver un ami."
bda4765b-36ed-4693-b2af-e3d2ecec462b,Ils combattent la haine … par passion de la vie.
a7a90aba-ef82-4cb9-81c3-e92993b293d0,La folie gagne Hollywood
ef47aa8e-ef25-448d-b1c4-66a760af373c,Mais qui est-il ?
83971939-e7cf-45e3-9a0e-3ed41d1719d2,Une histoire d'amour et de conflit.
3cc31958-dcfa-4b1c-bcea-370175324d3a,Qui peut sauver l'univers ?
80ce536b-4ed7-4e03-860b-11b2e6157d15,"C’est un roc !… C’est un pic !… C’est un cap !… Que dis-je, c’est un cap ?… C’est une péninsule !"
ffad8bbb-fdcb-4d2b-ae43-eaa46f84fe2d,Papillon retrace le destin véridique de Henri Charrière
12f4fc21-adc7-410b-8ac9-50f671844240,Souvenir d'Afrique.
c79c09fe-5cc7-4741-a0d7-98faa5ad30f9,Il arrive...
32a0688e-fd48-4429-86c7-2eb77ec82917,A different set of jaws.
0b8ff4ca-e411-4a8d-af18-4b277d6d3fb2,Some people never go crazy. What truly horrible lives they must lead.
dc64e166-3b5b-4e96-940b-12ccaa13a863,Ils sont inséparables pour le meilleur et pour le pire !
00a13838-0f0f-4e1d-8577-1263ce997ce4,Il ne reste qu'une seule personne qui croit que Mick O'Brien peut y arriver... Mick O'Brien.
4d76ec36-7b68-4e1f-8bd4-c6a96697d853,Il nous sauvera tous !
ea3414e4-ec7a-401d-8430-094b0171fe58,"Il vit en solitaire. Se bat comme un pro. Et, quand il aime, se donne à fond."
787e93a4-4987-49f0-86e5-cc3e4fd1d65c,"En 1977, Voyager II a été lancé dans l'espace invitant toutes les formes de vie de l'univers à nous rendre visite…"
024cc32b-201a-4b07-b8d6-72ffe0d07344,Une adolescente en internat au bord du réveil érotique complet.
16584fea-249f-4856-a435-470b26604f82,Bon flic. Mauvais alien. Grande difficulté.
9ebb356a-1d77-42d2-b5e9-50151debe335,D'une autre galaxie et dans vos cœurs vient ... Supergirl
b4ff10c2-a9ce-49a9-b8cb-717b328e2b83,"L'histoire de deux personnes qui se sont mariées, se sont rencontrées puis sont tombées amoureuses."
597293e4-fff7-4f03-a433-ef633fbb5fa5,"L'amitié est éphémère, ne l'échangez contre rien au monde"
031a2d46-b107-4479-bae6-047b0c8b0468,Ils sont différents. Ils sont frères. Ils se rencontrent pour la première fois.
ec5143a4-dabd-4469-b7e7-e5583b6a08a5,Il est le premier Héros du 21ème siècle... Et il est notre seul espoir !
ad184962-7bbe-4479-a27f-bdb366de1fd4,Une histoire souterraine où les vies s'entrelacent
ccfb80a3-0c58-4c02-89f1-423e1574954f,L’aventure continue…
db07a630-e6c9-49ca-8a02-2130a0e57490,Some thing is watching... waiting... and wanting on...
026c5f40-b62c-4db5-930c-53be7bed0037,Valerie's about to discover how far a girl has to go to find Mr. Right.
58901121-d64d-45fe-891c-7f8be10e66c5,"Annabel et sa mère ne sont pas tout à fait elles-mêmes aujourd'hui, en fait, elles sont l'une pour l'autre !"
42b03efc-43eb-4f44-87c0-27dbaf5a2502,"Personne ne bat Caco à son propre jeu, car même si vous gagnez... vous perdez !"
2c24fe5f-8e16-45c0-9f68-3a1340345ab7,"Pour échapper à la prison, il est prêt à tout."
f60219b6-9e92-4f19-8497-6d30824316cd,"The CIA is trailing them, the KGB is tracking them, the phone company is tracing them, the police are chasing them, the cowboys are herding them, and the Indians are hunting them.  Are they going to fall for all of that?"
73a0dd80-d273-48e6-8eba-90e60afdb741,"Des poupées pour vous endormir la nuit, vous réveiller le matin, vous rendre la vie belle… L'enfer ultime !"
0ad690df-c52c-4639-8d0d-d898bd570de1,L'histoire de huit vieux amis à la recherche de quelque chose qu'ils avaient perdu et ayant découvert que tout ce dont ils avaient besoin était l'un de l'autre.
28bc229c-f09a-43db-92b3-315b6038aad6,La pendaison était le meilleur spectacle en ville. Mais ils ont fait deux erreurs. Ils ont pendu le mauvais homme et n'ont pas terminé le travail.
70d6eca6-edb9-4593-af95-c318f4cb99ce,Nommez votre poison.
3081802c-e3d5-4e55-91c2-9296c2a38184,Terrorized in the Toilets? Chased after school? Shaken down for lunch money? GET A BODYGUARD
4f10d8c1-ed19-4c3f-97e7-00e51e18fa2a,L'inspecteur Harry vient d'apprendre un nouveau jeu.
d09bbd1d-4e46-4bdf-b3af-fa00b7ef8f15,Le lieutenant John Dunbar est sur ​​le point de découvrir la frontière… avec lui-même.
43cf3e92-abba-4b8a-aaeb-b9b124458ea3,"Quand votre père est croque-mort, que votre mère est au paradis et que votre grand-mère a un problème... il est bon d'avoir un ami qui vous comprend. Même si c'est un garçon."
e1f26b06-1cf6-4a85-a2fb-69a58a55d962,Le bonheur est dans le pré... Cours-y vite !
0313e26d-c0e8-4fa2-8cfb-ffac38ebf3ea,"Maintenant, il y a un nouveau nom pour la terreur ..."
e35469f1-f0d7-45d8-8301-e08e0021e5c0,L’aventurier préféré du monde entier est de retour pour plus ! Beaucoup plus !
de2afac2-a0ca-4228-8902-da4315fb77d3,Un sport ancien devient un jeu mortel.
932dd5f9-c1b1-4c10-9beb-09938ed3ae32,Justice is always darkest before the dawn.
258b9381-f0f4-43a8-99b9-643444ecc482,Comptez sur lui pour vous empoisonner la mort
86de8304-83a3-41c0-bdf8-9de63c93a906,Au chômage il a accepté un rôle féminin et est devenu une star. Si seulement il pouvait le dire à la femme qu’il aime.
3ea5be47-b212-4cad-aae9-a417e0259e29,"Il est un homme oublié, solitaire et désespéré de prouver qu'il est vivant."
355aefd3-b58e-4517-addc-87836910f5be,If only it could have been forever.
744d0291-e549-458c-b771-b12fd47d793d,Devinez qui est de retour en ville...
22e03e65-fff9-4524-8b2c-b65cb076e8ec,Il est de retour pour protéger les innocents.
56069181-1fac-4148-ac24-d02f525c8bbf,"Il y a de mauvais flics, de bons flics – et puis il y a Bullitt."
4647ea91-7d7a-4ca7-a47a-7eaccb57a7b6,Le monstre est en ville... La chasse est ouverte !
01276c58-7a2f-4a6d-98a6-470588fc8f8b,C'est dangereusement drôle.
7114cea2-976b-4864-ac05-69f5c75a85b6,There may never be another dawn.
4c99e624-0e95-4fe6-92f2-dee8c5af1b5e,Four strangers become friends. Four friends become heroes. On the road to Silverado.
2405c061-be81-42f6-9c60-bcf547a79b70,Ce serait un scandale de ne pas le voir
e3964878-5e95-482e-b5d9-c846a02210b3,"Un flic américain au Japon. Leur pays, leurs lois, leur jeu, ses règles."
a988eb6c-1581-4af3-90a5-ddd5b7573067,"Sa seule chance : gagner, gagner à tout prix."
29b6a297-860a-4096-a519-f3346b6ee7db,Contre lui: Toute la ville. Avec lui: la musique.
deaa0bd5-9864-4819-b62e-0c1f5984138c,Ils se sont unis pour la Liberté. Ils se sont battus pour l'Honneur. Ils ont trouvé la Gloire.
55d246d0-071a-41ed-9abe-5be1dc438e6d,Her voice was his calling.
3df88e91-ab90-48f3-9038-a7c281755345,Beautiful women were the victims of his fiendish facials.
6fa35521-91a1-4960-97c2-b422776750ed,Le premier est sorti… le dernier est mort !
9be6b434-0fe7-40d9-b122-5f217d30a282,"A Who-Dunit, Who's Got-It, Where-Is-It-Now Wild One From That ""Breathless"" director Jean-Luc Godard!"
9b4a8296-c6fe-40c6-b1c5-9807b2004976,"Certains se battent pour l'argent, d'autres pour la gloire, lui se bat pour l'amour de son fils."
8a34feea-3da8-4bfa-9c60-6f5b90c8a1bc,Un voyage aux limites de l'enfer.
fb855bea-eec0-4204-be37-7986abaf6887,L'art le plus meurtrier de l'Orient est maintenant entre les mains d'un Américain.
65f30210-89f1-40fe-a463-acc2c3e7bc3c,Un héros qui n'existe pas doit sauver l'Amérique d'un ennemi dont on ignorait l'existence.
2e85998f-c04a-4281-bbd9-b2345c70cded,"One weekend Major Smith, Lieutenant Schaffer, and a beautiful blonde named Mary decided to win World War II."
0c013f80-7b53-4ef1-888d-f87648f5f7e9,Trahison. Fidélité. Collaboration. Résistance.
bfe94cd1-18af-4f0a-b20d-561bb50d8588,Undercover. Overdressed. And keeping you safe from the scum of the earth.
8d6a11d0-8506-4ce2-8306-a0f7717d383f,Bombed Out in Space with a Spaced Out Bomb!
1b13da4a-c9dd-4e3f-8407-418b248812de,On lui avait dit qu'il ne serait jamais comme les autres. Alors il avait décidé d'être meilleur…
bc57a10b-53e3-4e81-a7fe-761eb61b4f32,Un film qui vous essoufle… De rire !
f7fae74f-7513-455d-b2e6-527398404fac,"Suddenly, life was more than French fries, gravy, and girls."
43af237f-cbef-4894-b61d-57d061bc60c6,Un cocktail explosif.
11ae448a-22de-4780-91a5-b775749c64b7,Actions de Gangster Rudes
da09caf6-be31-43c0-b5bd-93bc57027815,It's Tough To Be A Black Hero.
7f6c266a-fef9-48ec-a745-29949dd20b94,Derrière chaque arme se trouve «Le Clan des Siciliens»!
34bf7654-d225-4a5f-a31b-f26354026f19,Don't tell the ending...nobody'll ever believe you!
0dd3e4f5-cf11-4893-81c5-37cf9d2a86fe,Un flic de la ville. Un gosse de la campagne. Ils n'ont rien en commun… Sauf un meurtre.
3edc5b92-3c8c-4754-bef4-8a466a040764,"JC Wiatt, corporate powerhouse, just received an inheritance. And it sucks."
30627a7c-0f63-4d77-8ad2-00200a545611,The Army made Eugene a man. But Daisy gave him basic training!
ef147ce9-53b0-45e7-8d18-f155b4134360,Un homme est parti en vain à la recherche de l'Amérique.
5b69d39e-8d24-45bb-ab3b-995d18191d4d,Les tentatives dangereuses d'un homme pour blanchir le nom de son père.
a7051c27-fa26-4c77-bbc7-7cf57bb64a50,L'événement cinématographique original le plus passionnant de tous les temps
649177c1-4c34-47e8-b055-4c320c42b19b,"Il est intelligent, sympa, aimé de tous. Pourquoi est-il programmé pour détruire ?"
53eb237d-9db2-4ab6-8a5b-2fa365025706,"M*A*S*H, la rigolade dans l'enfer."
e8018bd6-61c0-4b63-be9b-936fb24fa9f4,La fin est proche…
58ad581d-5d5f-4d67-b972-907d0be0de08,Une romance nerveuse.
a6314f05-5a8b-44a6-9ec9-8430db5a1884,Vous devenez dur ou tendre. Vous vous rapprochez les uns des autres. Peut‐être même vous rapprochez‐vous de la vérité.
c9958275-97e1-4c4a-bda9-3d5a669a8f03,Vous croirez qu'un homme peut voler !
b9d355ec-0381-42da-853e-cab959dbffd3,"Peu importe, où, quand et comment, quelqu’un doit payer."
41b576f1-99d5-4f8f-bee1-9ec5fd85f1bf,"Soif de vie et d'amour, soif d'excitation."
32e47d85-5fd9-4daf-b058-b5699132d340,"Sometimes, reality is the strangest fantasy of all."
08da22d8-3b9e-4c01-bfa1-b79371fbcef0,1964. Quand l'Amérique était en guerre contre elle-même.
3d34299e-bb7a-4ab0-9776-34b264b79b36,Everything you heard about Myra Breckinridge is true.
11fac607-84eb-49d9-a83a-0ff4b84384bf,It's about falling in love.  For the first time.
16e45ae8-ee6d-4480-be61-b64571d3f9d5,"Paul Sheldon gagnait sa vie en écrivant. Maintenant, il écrit pour rester en vie."
26ef5d2b-cd17-4b2d-b946-ce2e8e7c6709,Une petite orpheline dont personne ne veut… Rencontre un milliardaire mal-aimé… Et leur vie ne sera plus qu'un merveilleux lendemain plein de soleil.
3238bbd9-3cbf-4a8c-a9e8-f14eb1b1935c,The Most Fun You'll Ever Have BEING SCARED!
c77bf34a-785c-467f-8214-3fa9a02d31dd,Casino Royale is too much for one James Bond!
37dc3299-e546-4e7d-b9d5-fa1c1595059d,He's the highest paid lover in Beverly Hills. He leaves women feeling more alive than they've ever felt before. Except one.
bcebb93d-bcb5-4d3d-b636-349f00d9442c,Woody Allen's New Comedy Hit
ca719ec6-b279-40b5-9c70-f1c2a08ac84b,Follow the newest cat-and-creature game as played through.
592e93ff-640d-4ad3-a106-1319d2ce46bc,C'est le grand avec les deux grands !
786c5f5a-4bd4-46a3-8846-aa6ffc9d42c3,You'd never take her for a call girl. You'd never take him for a cop.
808bb753-c1fa-4148-a700-278c36a6e7b4,"Ses montagnes. Son calme. Ses grandes chasses. Sa jeune épouse. Avec tout cela, tout aurait dû être différent."
0f425593-a23f-4b97-88ae-cd7327f24098,Trevor is an angry young man.
c3fe8bd1-7466-4248-9784-f89709c082c7,Eté 1943. Une terrible bataille fait rage dans le ciel de l'Europe. Dix vaillants jeunes hommes s'envolent sur les ailes de la victoire...
9e8a9fe6-363c-4b56-b6cd-e1d6c4110ba1,"They destroyed everything he had, everything he was. Now, crime has a new enemy and justice has a new face."
2fe2728d-02f3-4a4a-8102-d7640c2d34e3,...the chauffeur's daughter who learned her stuff in Paris
9405962d-d9d0-4c45-8352-08e1c9b4dedc,Vous ne nous avez jamais laissé tomber.
aaed2f1b-0010-46c0-91d3-b2ab6a06a834,"Le mauvais homme, au mauvais endroit,  au bon moment."
2a306bff-eb20-459f-9adc-8684e8977944,"Dans le futur, quand la femme parfaite court-circuite, le sexe devient une aventure"
169d3535-e66c-435b-afcc-392ccf4eeaf2,Pour toujours
0091816c-cf25-41c6-b38c-b86c7e0b319a,Il a toujours voulu être spécial... Mais il ne s'attendait pas à ça !
add25b13-8118-4c4b-9f76-f6d94a98a9ca,Vous n'en croirez pas vos yeux.
b7d170dc-0faf-42e0-b888-74f9e10de2d2,Frank et Molly vivaient séparément un amour sans histoire. Ils vont vivre ensemble une histoire d'amour.
8423d504-a868-49bd-ad8e-6b8fa1d38297,L'important est de ne jamais désespérer
ffa60852-9421-498a-9917-5a66e1bb8064," Moi, je nourris des millions de personnes. Et demain, je nourrirais peut-être la terre entière ! Simplement, naturellement. "" (Jacques Tricatel)"
838660f3-88d4-47d5-8503-de40dcee98ac,Une traque sans pitié au milieu du désert
ce6ff58a-eeb1-450f-a211-27061c8cb797,A Science Fantasy Adventure
2c747d87-53a5-4c2c-b1d6-2ac234ef90a5,L’innocence est la première victime de la guerre.
2c89b6eb-b507-4ce1-abc6-2a827669d5af,Quel genre de femme attendrait toute sa vie un seul homme... ? Et quel genre d'homme la refuserait... ?
745db904-ad17-4785-852e-d6295865240f,Les extraterrestres les plus illégaux sont de retour... Et ils ont plus faim que jamais.
934238e8-fb87-4582-a030-d4144a4f656a,A Plastic Nightmare
22e7e869-288d-4745-abbd-67f344bc902b,Superman contre le roi du crime informatisé !
189cd178-5951-4203-abaf-136b24bf9529,"Dans un avenir pas trop lointain, les guerres n'existeront plus. Mais il y aura ... le jeu"
9a45ab17-c72e-4863-aa3f-653214789477,THE WILD... THE HILARIOUS... THE SCREWBALL... THE RIOTOUS
7b0d7d48-f569-4499-9680-6055c2d535be,Quelle nuit de galère
a290f892-52d0-4d55-a0ec-84c70e3471a9,"Une épée… forgée par un Dieu, ferment de l'Avenir, force vive d'un Roi."
739f9d90-3d2d-470f-ac31-be3207094d8f,A big love affair that began in a little bookstore at 84 Charing Cross Road.
2757aa3a-c677-4f9a-9fb4-9dc5d937a815,All he cared about was gleaming the cube...until the night they killed his brother.
18fd44b7-5b5a-4b9c-9770-e7bbb76c6f29,"C'était la meilleure des époques, c'était la pire des époques, c'était Ragtime"
7ea7ee3b-b457-4825-b5e8-ec0418f43686,Inhuman ecstasy fulfilled.
7003f769-836d-4425-b2f3-f0e94276ce8c,TALK HARD. STEAL THE AIR.
cc3400c4-683f-4545-abaa-e323f44f9d71,"Si vous aviez une chance de rajeunir, la laisseriez-vous passer ?"
e3c27f9d-30e0-4acd-803a-03578a756593,Leur terrain. Leur jeu. Leurs règles. Ils ne comptaient pas sur SA loi...
7145bc1b-05f9-48c2-801e-99d4d925a041,Your hairdresser does it better.
42b480a9-1ed2-4a71-a99d-2d34f25af5ba,"Quand elle prend vie, tout peut arriver!"
db3f65f6-3964-44dc-a540-db453108d357,Le chemin de la gloire
bbdc9611-f4fb-4fba-aaf4-2ffdee07996a,Un homme doit connaître ses limites.
012e0e93-669a-457d-ae21-a268644e9721,A younger man and a bolder woman
766eaef9-ad5f-483e-b0d5-7300d48d0f0e,Sa musique a secoué la nation. Son histoire a choqué le monde.
16c71f09-0087-4a0e-a21d-0318be56f0f6,À des millions d'années‐lumière de votre imagination.
1d76513c-0186-442f-90fb-1a568b4dacef,"Alone, far from home, and far from justice, he has three days to learn the truth about a murder... and the truth is a story you won't forget."
263cb6e8-ea5d-42b8-95e3-31076fef2dea,"Roxanne dreamed of a handsome, intelligent, romantic man. C.D. Bales is two out of three—but looks aren't everything."
db728c8e-6ad4-47f3-83c3-73107d9d3003,Allen Bauer pensait qu'il ne trouverait jamais la bonne femme... Il n'avait qu'à moitié tort !
88305ead-e718-43bd-a79d-35eecaa33c59,Aux portes de l'enfer.
f4f5879a-134f-409c-8b40-b276868d0d01,"When fear made her a victim, she turned fear into a weapon."
bb4dd696-532f-42d5-bcbf-5969772bf23c,"Sooner or later, someone will pay the price."
a7fedd07-5bb4-4081-a519-777ffc21d756,"Le haut est le bas, le noir est le blanc, et rien n'est ce qu'il semble être."
3918f0aa-cad2-4d69-ab51-cf1cf8d4eecf,Le dernier volet d’une trilogie comprenant « Stranger Than Paradise » et « Down By Law ».
d5bff3f9-3b69-4c96-ac99-d949f969fba5,Regards d'une enfance
31f9e154-39b0-447d-af88-33707808ba1e,Ahh ! Que c'est l'enfer...
d421208a-0086-4df0-9cbe-9bd3f09865c9,L'Ouest encore plus sauvage
14762933-acc3-4d2a-8131-a5d3cf97e8e4,Il s’est offert ses charmes… Elle a volé son coeur.
7e024afd-a4dc-4cac-b160-0c73f7471125,"Ces dames avaient une ""meilleure idée ...""."
f3453eab-dc0c-4b06-8dab-08b42a0f1b84,Un regard sur la vie du brillant saxophoniste Charlie Bird Parker
1800974b-bb4b-422f-83b7-b8136549794d,Une envolée impressionnante comme vous n'en avez encore jamais vue.
32bfb60b-f7d4-4fef-ad96-9b95fe7e1316,Quelque chose de merveilleux est arrivé ... Le n ° 5 est vivant!
de862b4b-d544-463d-bfb6-9e0f678ec1e1,Quand les femmes s'en mêlent.
6b106581-a12c-4ea6-88bb-9266dc8b1606,They say there's nothing new under the sun. But under the ground…
ed82372d-31d7-4771-94aa-73cf83b90a62,Le cauchemar n'est pas fini!
944fe1e0-0716-41d2-853c-ff7053b2aa81,Il est assez fou pour croire qu'il peut nettoyer Chinatown.
520d36be-24be-4e74-857d-c27b2f9e1f83,"50% homme, 50% machine, 100% flic"
665a880b-41c4-4d05-9f33-7bbd1382c8e9,Retenez votre souffle !
26dfc3f2-ebe2-4410-b84a-8046864f62af,Une épopée de la guerre du Viêt Nam.
bb73a806-7713-47b3-8355-b4151511a743,The battle began in another galaxy. It's about to end in the Brown's backyard.
1a824fa6-2716-4362-b09a-308fac8ff3fa,"Le crime est un poison, voici l’antidote."
2bd8cc93-eb2b-4afa-ae0b-786e7ae60211,Il ne peut en rester qu'un.
6e76b203-3e19-4f72-9980-92752d48809a,"Là-haut avec les meilleurs, parmi les meilleurs."
96222ab6-29a3-4043-b5c2-a90a386c0d97,L'Amérique n'était pas prête... mais LUI l'était !
0855b28a-f73d-4302-8d48-2a2353d08321,Axel Foley is back. Back where he doesn't belong.
06480b5c-ced6-42bc-8bbc-9747023cf799,There's muscle in his venom and fire in his heart!
babad69c-d9e9-4668-93da-f12899a80b45,On laisse pas bébé dans un coin
ca94860d-56c2-4b68-ac00-6d48d0de8ee4,"Il est le chasseur, Schwarzenegger est sa proie !"
2f9676ba-0fba-42cc-b4e9-1a0a48b21260,Owen a demandé à son ami Larry une petite faveur.
e996c8e0-f531-4453-afeb-7496ca7a3179,Une bouffée de délire au pays des Soviets
27194226-f829-45e5-87cc-e75c20d1e17d,Eddie Murphy est l'élu
2efc6f4f-82cb-4a25-9143-7d6507f14438,Be afraid. Be very afraid.
27737bdf-de50-4367-a306-6fdef9af881e,Là où tout semble possible et rien n’est ce qu’il semble.
24c952a2-3133-4767-86f5-e0082341b124,Sam Stone's wife has just been kidnapped... And he doesn't want her back!
6d02e5b2-c17b-4d89-9f7c-c626136f0a57,Il y a un peu de lui en chacun de nous.
80c07340-a069-476a-a0a0-2460dc69b3cc,Certaines personnes choisissent les pires endroits pour commencer un combat !
4d53ce95-43bf-4cfa-9f09-4f1520a006ed,La lutte de la famille Freeling avec les esprits recommence...
6931e7d6-7d10-4454-8101-3a11734fbdfd,Une paire de chasseurs de fortune en quête d'aventures profite de l'aventure !
d9e484d0-3dcc-49b8-b4bb-c2babe11b19e,Passez le mur du son.
3d036187-2c03-4831-ac66-6bfdbf91ba1e,Cette fois c'est la guerre.
b43b7e4f-3e71-45a0-b55e-2b5b82ccae70,Il y a parfois de très bonnes raisons d'avoir peur du noir.
414ad9e5-b970-4595-8f6c-44ade63b38fc,Deux hommes entrent. Un homme sort.
8a121e62-10bc-4dfd-a741-7dd440c467de,"Une aventure pleine d'action, de rires et d'héroïsme."
9da54652-3655-4cc3-87ce-8e3e4a5d36f5,Une femme et un guerrier qui sont devenus une légende.
27d9fcf0-8a76-4bf4-877e-8e2e2a8b27ce,"Before a lifetime of adventure, they lived the adventure of a lifetime."
eb4c69f6-9fa5-4eb7-9a16-0259a9eac719,"Jamais à temps à l’école, jamais à temps à la maison, un jour il se retrouve complètement hors du temps…"
034b76fb-c0f0-43d1-bcd9-66b412bc5091,Ennemis parce qu'on leur a appris à l'être. Des survivants parce qu'ils devaient l'être.
3d4f7a0a-7288-451e-8e3c-f35028d7581f,Prêtez serment et rejoignez l'aventure.
412db3da-061b-4b62-9015-00649a08eb45,"Aucun homme, aucune loi, aucune guerre ne peuvent l'arrêter."
1df31ff4-6bf4-4cdd-b8ed-2f8067a8d5db,La justice arrive.
d765d21d-1675-46ad-a107-13461fc86157,On ne s'échappe pas de la forteresse
428373c3-7ce0-44c2-b46b-3e5ed3c019b3,Attachez vos ceintures pour un vol à haute tension.
cb500bc6-ef03-4205-86fe-33d0c6d2ec11,Abracadabra !
6277443a-d0cc-4c54-bcde-3f43c896503d,"Prisonnier du temps, il revit tous les jours le même jour, jusqu'au plus beau jour de sa vie."
38c5e6e2-d7b0-401f-822e-d58c5965f960,Il est là !
98d9d80d-1d62-4733-8376-8a45c2becbfb,L'envie de vivre les réunit. Rien ne les arrêtera…
6076c30d-c5ab-4e95-971a-425f2f4aa075,To enter the mind of a killer she must challenge the mind of a madman.
13ee2642-1e88-4b5b-9e0e-1ca8940c8a2e,Seule leur mère peut les différencier.
8cf850f7-427a-4b4e-83f8-57690c774a37,On ne court pas dans la jungle en talons hauts.
278988e2-b6e2-4bec-9f37-3f4fadda6454,La guerre n'est pas terminée tant que le dernier homme n'est pas rentré.
a4bd9509-19e3-476d-848d-518ad20b742c,Seul l’Ancien peut lui apprendre les secrets des maîtres.
14e6d221-0a9e-4a3b-a311-ccb05d663b9a,"À Detroit, un policier apprend à supporter la chaleur. À L.A. il apprend à garder son sang-froid."
629a01e7-1e63-407a-b2cd-04ad16438f47,Mutants of a nuclear disaster
c8569fc1-cf9f-4f55-9c6c-d100595847f6,Insensible à la douleur et à la pitié. Impossible à arrêter.
4509426e-05d5-487e-8eb1-4b5edfe7492a,"Si Nancy ne se réveille pas en criant, elle ne se réveillera pas du tout !"
770074ee-584e-41cb-8e15-fbd11247a4f1,Ils sont là pour sauver le monde.
1e94a4eb-3268-4e30-81a2-56cac00d56ea,Le côté le plus sombre de la magie. Le côté le plus fort de l’homme.
df58b6ff-2faa-4a5e-a125-10fdae3fa7a7,Il est là…
f97f9b4e-9d81-40ab-a15d-a229e05ed046,Le film qui a coûté plus cher que le débarquement !
49006841-5ff8-4149-8c0a-1b87a158392f,Le plus célèbre requin de tous les temps est de retour…
a4edd221-02cc-4d8d-b599-c561004cb38d,"Comment, pour un dollar, jouer le mendiant à la hausse et le PDG à la baisse?"
59b41a22-7f4f-45f2-bb9e-5397fb3a6408,Esclave. Guerrier. Héros.
890aa7dd-1bdb-468e-a6f3-c4ca7cf02c3a,Le plus grand défi.
67db43b0-0dc8-4159-8848-98ee0c98f16e,Un flic. Un taulard. Pas de pitié.
94666aeb-13c6-47d8-a8c9-6051636b6102,"« Eux ont versé le premier sang, pas moi ! »"
8f3d2c9a-7e51-4966-b561-80c59d8bcc31,New York est maintenant une prison de haute sécurité... Il est impossible d'en sortir !
9ab02769-fa4b-41e4-ba7f-17eb8825dfa0,Un seul homme peut faire la différence.
6da1aacb-3ad5-451a-8314-423bcd8b9209,L’expérience ultime de la terreur
ace1de16-80cc-4094-b70a-94401c7d049e,Indiana Jones - le nouveau héros des créateurs des DENTS DE LA MER et de la GUERRE DES ETOILES.
ec6a42ec-6c44-495f-beca-ecc4c3dc093e,"La première fois, il s'est battu pour un rêve. Maintenant, il se bat pour l'amour !"
7ca570a2-2cd8-4f27-a324-d732e9ba3294,Elle fut la première…
540ef20e-292e-49ec-b2c4-584501eef931,"Prononcer ""DIQUENÈQUE"""
8b98700c-91ad-4c77-b623-454f38d68284,Il est déjà trop tard.
0159b5a8-6005-48df-8193-4a33c3f3f07a,Un monde d’aventures et de magie.
97d149d2-57d0-489c-93e7-6d8adcc0f9f9,Quand les rues sont une jungle... il ne peut y avoir qu'un seul roi.
90ea6203-abcd-4dc4-a037-c64aa326583a,On y croit tous.
84ed3f64-88ea-4e96-a670-0f3095ececf2,Deux des meilleurs flics rivaux de L.A. vont devoir travailler ensemble... même si cela les tue.
d8e8472a-a08d-4c0a-a68f-9c058a83dc27,Que peut subir un homme... avant de se venger ?
1f0d7207-357c-41c5-8298-1e95aba7ed17,"Au fond des océans, les formes ne sont pas toutes humaines…"
1ffb3a43-6fe7-4bb2-82c6-622a79004264,Quand la lumière disparaît… l'aventure commence.
4544a546-42da-4757-8499-041a20af38c9,"On this mission, he's not a cop... he's a one man Delta Force!"
3d3ea7a8-8b5b-4392-81bb-d08dde330acc,"Pour ce flic, personne n'est au-dessus de la loi."
ec5b16c4-5304-452c-90c1-ab140b81a31e,Les esprits vous déplaceront de manière étrange et hystérique.
3e0b4a6e-ac31-4eea-80c8-23bd7392884c,"Une histoire de meurtre, de cupidité, de luxure, de revanche et de poisson."
1dfc71e1-b820-4c9e-9d34-ed3091b2780a,Trois belles femmes. Un diable chanceux.
b7197cfe-5a02-41e3-8066-7df18806d1ce,Fermez les yeux et l'aventure commence.
96ac176c-beae-487d-984e-2c0f7489379c,L'homme… La musique… La folie… Le meurtre…
1a2693ad-3f29-408b-8b7c-b490f2287f7e,Ils sont là. Ils veulent se venger. Ils savent comment.
1a316e25-c81d-4a98-92ec-7147c6c72ff1,« Y'a un monsieur très mal poli qui voulait enculer Thérèse ! »
b9eaf0c7-062e-4a1c-8431-f51b31088290,Vous les soutiendrez tous... Mais vous ne devinerez jamais qui gagne.
51fecd44-437f-490e-9bcd-e3a386e95932,"La malchance, ça existe."
33569568-7c3e-4baa-84a8-cae15dca2350,"J'étais à deux doigts de m'la faire, t'as tout foutu en l'air, sais pas c'qui m'retient de te casser la geule !"""
7dd60937-5bf3-473e-a31a-1a0c0e7c25cc,"Dans l’espace, personne ne vous entend crier."
b3b77d09-7b54-4c92-9b52-f71b57202f37,Il est parfois trop tard pour dire la vérité.
0ae82a80-bedc-4bc2-b6d7-d7eaab3d8bac,Trois visions de cette histoire d'amour.
46b5ed45-a5bd-4f51-8f0a-54e647ebc7ce,Richard Burton est l'homme avec le pouvoir de la méduse ... il a le pouvoir de créer une catastrophe.
af80d4cc-e34a-48d0-85ed-a1227216eb88,En selle ... Dans le sac ... Dans le sable
a4332d5e-a26f-46dc-9a57-c8ef53f5c3b0,Le plus grand building au monde est en feu. Vous êtes au 135e étage. Aucun moyen de descendre. Aucun moyen de sortir.
3b84cea3-1fc0-46e2-9288-c5bfa0ebf6d9,"L'enfer, à l'envers"
8e063659-fddd-4d1b-9bfb-4b012ec1342a,Pray you have nine lives
558e88d3-bd1c-4791-8668-77ecca300494,"Il est l'or Monseigneur, l'or de se réveiller…"""
e597facf-adf0-46c7-b6fd-aa8a3b91a15b,"They stole his mind, now he wants it back."
bd4537b9-afdc-494d-ac70-76cab133fa4c,Ils sont de nouveau réunis...
e29b1921-ee51-4b5d-8b1e-a231760e67fa,Look out! Here comes Trinity...
2741a5ba-9fa2-4849-bde4-8fba660e7777,Ce n'est pas ce que vous croyez…
ab04f1e6-d21a-4f56-aafc-715145517b8d,Qui a dit que les vampires ne savaient pas rire ?
14a45da6-4a09-44d1-b009-d33c72d7ade8,"Fantômas, l’ennemi public n°1 de vos soucis quotidiens."
9f346bcc-7011-4ac8-ac78-8b9a136f1bfc,Il voulait vivre le rêve américain. Jusqu'au bout.
96cb8ea6-1d8f-4d18-8371-8c6ff7727001,Chaque rêve a son prix.
0dacccc5-7809-42cc-a4f2-22686b723b2c,"Il a 27 ans, elle en a 43. Il est cadre, elle est serveuse. Tout devrait les séparer."
c91117eb-0480-4f2b-97ec-95166aaee385,Il restera à jamais comme... Le Dernier Empereur
c1f3931e-6ef9-4719-8c98-99eaef1ec251,When there's more trouble than one man can handle...there's more than one man for the job.
63e55241-198d-4afe-bcf9-00a6fd76a52d,C'est le western le plus drôle de l'histoire... Un coup de foudre pour tous les coups de foudre !
5efc28d4-b0a4-4dac-8dea-409e656656a6,Mettez une clôture devant ces hommes… et ils l'escaladeront !
de967f43-4de6-4980-b3c2-08f107eb3918,Les affaires reprennent.
30bfad69-10b9-46b1-af78-f441cbefbd55,Il se bat pour tous ceux qui ne peuvent pas se défendre.
b2567a66-03f7-4fd2-b79e-257b15022bfb,Comment réussir ses examens sans rien faire !
cc42e3ba-294f-49e0-8eef-b114eb9248ef,"Désormais, l'aventure est sur les routes."
e8d8ff5e-0110-4a5e-809c-67ae7b7c3f9e,La Guerre des Étoiles continue…
128ac9c2-ac92-401e-b6b9-62634af8b4b4,Out of the sky comes the screen's most incredible spectacle of men and war!
1008f5cc-46bd-481a-a319-4a7f1412d59e,"Quand il verse, il règne."
fe9b10a0-5fa2-46fb-9307-ca1900ba858a,"Oskar aime Eli, Eli aime le sang…"
3a926ba0-b976-4afd-aea7-cbbe36122dce,Qui boira mon sang aura la vie éternelle.
ed2716d4-ac2f-462d-bd4e-c785bc32f8f8,ALIEN était le début… L'enfer vient d'être déplacé!
357252a6-af9b-4cbd-9f0c-1eebbfc8d66b,Votre vie - ou votre mort ? - suspendue à un fil…
7a5f8599-1346-47a6-a428-5dc543760d19,"DEAD for Ten Years DRACULA, Prince of Darkness, LIVES AGAIN!"
7abca311-7572-49bb-8565-e3648fcb1989,Ils l’ont pris pour un bon à rien… Ils auraient dû se méfier !
0ae7f4b9-cd5d-4740-ab4b-24d5faeac626,Un meurtre brutal. Un tueur brillant. Un flic qui ne peut pas résister au danger.
46e1d6da-a33d-4cdf-8f0c-468c26225d34,Jim is about to marry a princess... but he's in love with an angel.
dc18e978-7d17-4d05-ac8e-678a609fbcc7,"Pour faire face à un nouveau challenge, il va devoir retrouver le goût du combat."
5b946f8f-76e1-46cd-b2f9-e5f85d10af02,Things Explode. A Lot.
37b91508-2b62-4076-8ab6-a7898ac421db,Some friends can be REAL MONSTERS. And some monsters can be REAL FRIENDS.
2cea75f7-7d01-416f-9a59-639189afa633,The first casualty of war is the truth.
f24aa41e-effb-4ab0-8068-3fd89eaa907e,When the World of Childhood Encounters That of Horror
c45a37e5-fc9e-4e57-8455-580d43dde8bb,Deux amis peuvent-ils coucher ensemble et s'aimer encore au petit matin ?
7d3fbec7-7ae2-4782-99b7-28e866f2c2a7,"Aux confins de la terre, elle a trouvé une raison de vivre et une cause pour laquelle se battre."
2498a617-cc8d-4ef0-81a4-c992339c957f,Just when you thought it was safe to be dead.
4e7872c0-5351-471d-b26f-27a6f90fdfed,The ultimate American fighting machine is back!
3c263c09-6fdb-4070-9a0a-8ee7357a2bc6,À la poursuite d’un nouveau diamant.
695fb599-9b9f-481e-9f62-ce52dddf918c,Le retour d'Allan Quatermain
e8f50c9e-8e3c-4b73-9e92-562bf984113a,They're Back From The Grave and Ready To Party!
b657e15a-9e33-4b6a-a39f-2f22d56e1a6f,Pourquoi ?
b1ef0ebc-8702-4fa0-8976-13d3e3bf26b9,"Depuis « Les Aventuriers de l’arche perdue », l’aventure a un nom : Indiana Jones."
fb74c2f9-8ef1-433e-a067-746b5e0bfd59,Il a peur. Il est seul. Il est à 3 millions d’années lumière de chez lui.
318660da-1c50-40f0-9f4c-2291ec6ee0c6,When the Creeping Dead Devour the Living Flesh!
22038333-cf97-4ff0-bb8c-1c418370f2a8,"Cette nuit là, IL est revenu…"
ac7b9722-cae7-460d-a2d9-bf2594c2f035,La peur est contagieuse.
33105a50-035c-4b5c-9104-d9e7a86fe421,Trinita est de retour en selle et continue à se balader.
d03df83f-a164-4d39-90c0-a4c8676df834,Fantômas revient…
81988be2-6f1b-4c33-8102-dc4220da493a,Hard Hat Days And Honky-Tonk Nights.
aa1556c7-e59f-41a9-90c8-68c666e8fca9,"Ce soir elle retourne dans le temps avec une chance de changer son destin. Si c’était à refaire, le referiez-vous ?"
15ed70d1-0532-4b26-88a5-5a9a839683e3,Making love was easy...being in love difficult.
99db9a6c-bc9f-46cb-b2c1-0ce4e09cc04f,"Ils ne sont plus à l'école, à Nantucket, et ils ont perdu la tête. Avec cette foule, tout peut arriver !"
1b94ed76-ad63-46ea-94a9-f8a4b1d1be53,Two jailbirds who just want out of the cage.
bf07ed2a-c853-41d6-b6f3-dda314ebed02,D'après le roman de Peter S. Beagle
2f85fdbe-12a2-44cf-917a-42431fd43e75,"Dieu merci, ce n'est qu'un film !"
b6be8658-68d5-468d-96b0-e0b52e50668b,Rusty James can't live up to his brother's reputation. His brother can't live it down.
15e28b88-dbb5-47d2-af6b-ce96d0aa5f6b,Aussi américain que la tarte aux pommes
59bd9ad9-7569-4be6-8370-ee98d1262c20,La fascinante histoire d'un illustre imposteur
2f0e57a4-e26d-477e-aa0e-cbf3401c47bd,"Ils ont gardé le plus beau voyage pour la fin… Mais cette fois, ils sont peut‐être allés trop loin."
f3c54f1b-ae8e-46b7-a300-0e14a14ccafb,Every year brings a great movie. Every decade a great movie musical!
16fd3a7f-1895-4aad-8785-5ea272af9e51,"Ni armée, ni gloire, juste un combat coup pour coup..."
7d1f0088-30fc-46ee-b63f-9b9f13a52873,Ronald fait un investissement dans sa dernière année. Il embauche la plus jolie pom-pom girl de l'école pour être sa petite amie.
ecfa7684-1b2b-43c8-aec1-63a707755019,Murder by illusion.
e9bed6de-5554-47cd-8c14-92731e34728e,"If you experienced ""The World According To Garp"" and found it witty, delightful and totally unpredictable, then be happily surprised all over again when you join the fun and games that go on at the...Hotel New Hampshire."
c2f6fc7e-69c8-4c2a-8a50-e42386a58678,"Le 13 novembre 1974, Karen Silkwood, une employée d'une installation nucléaire, est partie à la rencontre d'un journaliste du New York Times. Elle n'y est jamais arrivée."
42f44af7-82e9-46aa-a9da-1a015bc80464,No *#@!!* Navy’s going to give some poor **!!@* kid eight years in the #@!* brig without me taking him out for the time of his *#@!!* life.
3a6f7a2e-fc09-41ac-997b-a8be88a2c1dc,La dernière mode en matière de meurtre.
4fbcc3c8-d5cd-481d-8768-71d403cfae3b,Prince de Zamunda cherche femme idéale.
61d9aca2-e15c-4981-a431-4f6a5d449b7b,Ils ont grandi en marge de la société. Ils ne cherchaient pas la bagarre. Ils cherchaient à s'intégrer.
6d9bdb07-c5c0-4c3b-98b6-aa6916a9a704,"Between the innocent, the romantic, the sensual, and the unthinkable. There are still some things we have yet to imagine."
a3d936e4-29c8-406f-9aa8-987821c900a6,Le roi vit !
05f440f3-8cc0-4913-a582-c106ed3b7ddb,Pour survivre ils ont besoin d'amour et de sang.
b35feee2-de5e-461f-a61d-1334fd464bdb,Aucune force céleste ne les libérera. Aucun pouvoir sur Terre ne peut les sauver.
8a207a86-2c69-43a7-b7b1-c17f751b8005,Séduction. Romance. Meurtre. Les choses que l'on fait par amour.
296e532f-8f69-4ab0-b43d-9245c53f9c94,"Power, space, time and a visitor."
c84e56bb-c90d-43e1-9b2b-3cde759e1bad,A day will come that is like no other... and nothing that happens after will ever be the same.
40a24186-ad7b-4658-8415-cb24c840afc9,C'est sa famille... Qu'elle le veuille ou non.
1be3b9c7-4c36-471a-9707-7cd20377c9ea,He's L.A. Detective Mason Storm. Three hired assassins left him for dead. And he's waited seven years to even the score.
f5c0596d-6cca-4638-b37a-8c7e54f79591,She's finally met the man of her dreams. He's not real but you can't have everything.
c7a419d2-af4a-4a81-8734-3540cb065d9d,"C'est un très bon flic, il est de très mauvaise humeur."
0170e25a-37c1-4162-8fbd-17c8b694e267,Parti est le roman qui était si divin
cee51897-ee38-40aa-b401-452d0d547ac9,Un meurtrier frappe à bord du luxueux paquebot Karnak sur le Nil et Hercule Poirot est confronté à son affaire la plus déroutante.
193ad47e-6665-4146-a253-90fe5590a25e,Second film de Michael Cimino qui marque une étape essentielle dans l’évolution du cinéma américain. L’un des films les plus importants et puissants de tous les temps !
b86408d5-2c5e-42ff-b71f-1f0f816b6dc7,"Cette fois‐ci, ça vole haut !"
638c595e-3252-4247-873c-0618d0be9b3c,La comédie parfaitement illégale qui dépasse les bornes !
f0447186-0b29-4415-908d-1df09b50a6f4,See what happens when a dirty bum meets the filthy rich.
5df08166-54af-435f-b299-52a0c616e9c0,"Venez rire, venir pleurer, prendre soin de vous et vous réconcilier."
7da737c2-e4a7-4a3f-bf85-a8d907e74081,Hired killers by day. Devoted lovers by night. Until they found out their next assignment was each other.
7a089053-1546-4fa8-91dd-9acdb314912c,Sometimes a man is forced to defend his honor.
7306d777-cc64-4773-9ce5-e99b4c769abc,A family torn apart. A public filled with outrage. A woman accused of murder.
e82d5a88-0193-4938-be27-1aecfdb76cfb,S'ils avaient su…
de07a484-7e0a-4501-a9ea-99c4d65a42de,La poursuite est lancée !
3b3af8a6-a0b7-46b3-ae3c-110a7d85cdf0,Oliver et Barbara Rose... pour le meilleur et pour le pire !
a7d06ecb-29cc-4943-8327-6a6ba45ba4e8,C'est Benjamin. Il est un peu inquiet pour son avenir.
139082f2-4155-4352-bfcb-fd38f532ab13,Cela vous coupera le souffle. Tout court.
3f7bef10-4129-4936-8c50-7c50a34f356b,"Java, 1942— A clash of cultures, a test of the human spirit."
b070442b-ddf9-4f55-9995-eb3b71a15b54,C'est sympa
9ceaf448-2e04-494e-9f2b-10515dc90351,"On the other side of drinks, dinner and a one-night stand, lies a terrifying love story."
8309e00e-76ed-4402-a6ff-fdc24f825506,"Du berceau à la tombe, victimes de l'histoire et du changement !"
b6ec18a7-4da6-4aa7-aaa7-e8e971e9e892,"Une femme, un homme et leur sport favori …"
a55d16ea-c505-4235-8e28-a845c200c4a7,Il n'y a personne vivant qui jouera avec la fille d'à côté.
d997dd56-760b-450f-b683-74c61e7860e8,It was The Wanderers against the world ... and the world never had a chance!
2f179d29-3ffe-4e7b-864e-785a13a12663,"La seule chose qu'on ne peut pas avoir dans le monde de Logan, c'est son 30e anniversaire. Sauf si on s'enfuit."
bc22eec5-40b9-41ec-9003-86ad6e1399e2,"Un monde à l'intérieur de l'ordinateur où l'homme n'a jamais été, jusqu'à maintenant."
3d20e577-ca2a-4109-9622-a121dcd89f5e,La plus grande aventure jamais tentée : découvrir si la vie existe au-delà des étoiles...
caaa885a-731d-4bd2-abd8-eb3a86c8ef4b,La véritable histoire de Preston Tucker.
f791d3ec-cf27-419c-88eb-9f052b5fcedf,Je vous salue le parrain César de Harlem!
49a2eac0-1dfb-4302-ac68-88b9593e6c17,Il n'y a pas de règles ni de limites pour Popeye !
898c636c-ecae-43ef-9566-f3f7a28cffe9,"These are the armies of the night. They are 100,000 strong. They outnumber the cops five to one. They could run New York City. Tonight they're all out to get the Warriors."
90b547c5-c91e-42ff-8c2a-93f38df09665,"Souvenez-vous, on vous avait prévenus ! Mais vous n'avez pas écouté..."
cfac7fc6-aef7-4541-831f-8f56104719f4,Les plus chanceux meurent en premier
73995184-881c-4120-b538-84a7ce798b3e,Bruce Lee challenges the underworld to a Game of Death.
a0823f33-7fd3-4512-9503-ae229a74b11c,"Voitures rapides, filles rapides, carottes rapides… Carottes rapides ?"
def0fc3a-52e4-4945-97f5-7c32c5908adf,"Le criminel ""Mad Dog""... L'homme de loi du ""Loup solitaire""... L'ultime épreuve de force."
80c32d9b-aeff-4256-8c0e-987daaa60c25,Vous ne croirez pas ce qui se passe dans...
0909cfa1-bd90-4492-857c-beba4115a494,Tout ne peut qu'aller bien sur une péniche paradisiaque !
aa8be020-b8bd-4b17-b3c7-f32f1f32308a,It's a Lovely Life.
a22e8328-f62b-4eef-a9f5-b772afc671d1,"Parfois, l'amour est le jeu le plus dangereux."
7583522a-3f6c-4e8a-95a2-36b3192a7372,Un tiens vaut mieux que deux tu l’auras.
661171ce-81e1-478f-ac37-97116d64a0a9,Le plus long baiser de l'histoire du cinéma
27427415-f361-4d92-a3df-0379a0046599,He loves a good fight.
737274b6-34c3-4584-b54f-66eea3d0a8a5,Les premiers à mourir étaient les plus chanceux !
6d42844b-22ba-4ff6-b7db-39a52d1c6320,40 étages en otage !
1d22cd50-99b3-48bb-a496-75db2c73c206,"When he gets mad, he doesn't get even… he gets creative."
8e91f7c0-027f-4f09-8d18-f2580d07041a,Ne le dites à personne.
cbd28bae-9e50-4279-945b-91d853ff2cc7,"Ils ont 30 jours pour nettoyer Chicago… Ça démarre plutôt mal : ils ont perdu leur voiture, leur suspect et même leur pantalon."
3bd91b23-51c5-4443-8194-8ad25d181f1f,"Et ils créèrent la femme idéale, prête à réaliser leurs rêves les plus fous…"
2cb19132-9ddf-46d1-932a-ab072f70c0f7,L'histoire d'un homme qui voulait assurer la sécurité du monde pour la démocratie... et rencontrer des filles.
0aee6d92-bb87-49be-9f4b-9597a7579fc8,"Nés pour risquer, entraînés pour gagner, ce sont les Navy Seals."
bcb26b2b-af63-4f61-859e-f1c6901b84fb,"Il est de retour à New York, apportant la justice dans les rues..."
148d21e3-7c8f-464c-b47e-27c99ec9123a,Vous vivrez l'aventure... Vous aimerez ses héros.
5ac93a27-9e69-4eee-9a62-2be31c97db87,"La vie, l'amour, le plaisir... Zorba !"
f505fde8-978f-4879-a72d-17bd97779309,Venez rencontrer les morts de la nuit.
cb5d0af9-a275-4113-8834-74b28a916a32,An average Joe. An adventurous comedy.
4236fe30-82e0-4a44-a983-e77f2cfd039b,La vie. La famille. L'amour.
d876ce53-5ea2-4257-9dc9-11abd4b4a21c,C'est la vie. C'est l'amour. Il s'agit de nous.
7591f543-cd50-4b90-ac51-876e12aa0359,He's got to face a gunfight once more to live up to his legend once more. To win just one more time.
afd60e55-ba59-4949-8f17-6a081aca8b2b,Ils sont jeunes … ils s'aiment … ils vivent dangereusement …
dd2df805-715c-498b-8cb8-816dc993d09a,It was foretold there will be seven signs. The seventh sign will be a woman. Her hope is all we have left.
27ef7bf7-8c12-4e8a-b4ad-fa6faf0120bd,Two brothers challenge the road. And life itself.
6b02d78b-fcf4-46e7-98ff-c54a6acd77d3,Il y a bien longtemps dans une galaxie très lointaine…
44dccade-d916-4ee7-9608-f600b6cb8a13,The first time was only a warning.
33c42555-a4b1-4d72-b218-4fe2cd0a42ed,Un pas au-delà de la science-fiction
a199bec3-d676-446f-9e50-f3f8f755cff9,Something magical is about to happen.
1b6e2c7f-2401-4c9c-b6bd-013f3f5b61de,L’aventure la plus étonnante et innovante de tous les temps !
b0fb7c3f-16db-4c32-aa50-48935a8f77f4,Nerves of steel. Body of iron. Brain of stone.
8b7b5588-fbb1-4b36-bcfb-7b193478e09a,"Il est de retour. Et, cette fois‐ci, avec son père."
c2afd626-f83e-4a4e-8a1b-8979a2b38b8c,Ils reviennent pour sauver le monde
14d719a0-b563-4ad3-a7f8-0b1e8a1acd12,Le seul type qui change d'identité plus souvent que de chemise.
4e034213-ceff-46d5-b8b4-8ea9a1f58659,Le véritable amour n'a jamais été un jeu d'enfant.
7887bc69-327f-4560-a53c-4703f6420c4f,À ne pas mettre entre toutes les mains !
4b655baf-afec-4621-86f1-51d9d299f628,Les étoiles appartiennent à la prochaine génération.
74cc7bb6-1219-4f5d-bffd-b681dc9b9de6,Apartment for rent: Quiet building. Furnished. 2 rooms. Previous tenant committed suicide.
ebd3deaa-02ec-45cd-9639-933303f000b5,Time to play.
e3de1ee6-79ba-4c07-8ff4-35178f05baf7,"For 10% of the action and a red Ferrari, she'd con her own grandmother."
fcad391b-09d0-48f9-b8d6-1b4f1ef8c6e6,"Lorsqu'une affaire de meurtre est aussi choquante, à qui faites-vous confiance ... vos émotions ou les preuves?"
52523ad2-dc9b-4c7f-b569-a12ef0297f55,Il n'a pas voulu partager l'enquête sur le meurtre. Il n'y a pas moyen qu'il partage sa fille.
b9e615ce-621a-4379-aa76-f82422e55425,Julie as you love her... in the happiest motion picture hit of the year!
d6b75278-0b8a-4eea-a523-932f00b91b24,Une confrontation brutale et inhumaine à mort...
25beac35-0311-452d-a864-de6a3caba09a,"Maintenant, son ennemi le plus mortel ... est le temps."
9647dc37-ce28-45d7-9906-e6a20d9dc7e6,De l'opulence... aux haillons... à l'amour.
8c9497fa-efab-4b60-ae00-299f791791f5,A temptingly tasteful comedy for adults who can count.
6591dff1-0053-4b80-a4d5-bcc560606069,Luxure... Meurtre... Dessert. Bon appétit !
611df21e-ad0c-4d25-bc3d-bbfc1e422483,"Bonnes vacances, chez Hercule Poirot !…"
070be6c2-5f15-498e-8722-66c7bf31f136,L'Affaire Valachi.
7e1fadb1-1cf9-4a22-beea-4555c6a5d7eb,"Aimant la vie, défiant la mort, ces diables d'hommes ont pulvérisé les limites de l'espace."
a89ef0f2-d923-4a58-bdf9-4d52fe0f4865,Une dangereuse romance
42b7967e-a6f0-48cf-94a5-4d7d05d81757,Maman c'est beaucoup de choses... la normalité n'en fait pas partie.
8619a0ee-94f5-407a-8c27-86ea6b1cd734,Où étiez-vous en 62 ?
106acc3a-1145-4a08-802f-010c393b579e,She's a lawyer who broke two laws of her profession... Never get involved with a juror and don't look for clues in dangerous places.
a6293b29-5588-4a0c-b902-6b7b7f1e7310,"Someone poisoned Dexter Cornell. He's got to find out who. He's got to find out why. He's got to find out now. In 24 hours, he'll be Dead On Arrival."
fa3463fd-92fb-4d4d-9295-8458a3d60a19,L'histoire d'une incroyable amitié.
63da314b-7608-4213-a1ca-7962f1884dc5,"Plus de fun, plus de musique !"
58119b82-6913-4d32-8ad7-0e9e9c4b9002,7 hommes contre une horde sauvage !
94ea14a2-efa0-45b2-9f6a-151288566793,Catching a serial killer takes a seriously twisted cop.
1dcb8518-aeb5-4545-a3eb-3047875abdce,Qu'est-ce qui pourrait être mieux que Les Trois Mousquetaires ?
8f1672da-5561-46d0-a900-47a9cb485cff,Etre une victime a été son seul crime.
a099a7b9-90b3-4739-b456-40a18a319039,Il faut toujours un gardien aux portes de l'enfer
c47866ca-4064-4ddd-b333-d184047ba72b,Blane est un gars plutôt cool. Andie est jolie en rose. Et Ducky est assez fou.
368dea09-1981-4194-826b-c51885e89b4e,"Dans un baiser chaud et affamé, il lui a donné un amour éternel. Elle lui a donné la vie éternelle."
4a07b180-d7c6-4233-9027-088f6240c87d,Retour d'un duo de choc !
cbdfcd03-f210-4b29-b8e2-b05926be613a,La plus magnifique recréation... d'un ancien empire... lance une nouvelle époque dans le cinéma...
fde68401-e56a-42d2-955c-82016b1f4fb1,"Personne, mais alors personne ne sait qui il est !"
16cdefda-5887-4126-8ffc-fc98131c3bda,Rien de tel qu'un bon braquage pour réunir une famille !
dd9a436f-30e0-45c6-a937-6c094d25ff10,Imagine ta pire peur devenir réalité.
50cbbfd0-4c83-4337-a509-91be1777aac1,...Un pour tous et tous pour le plaisir !
f3594169-f7f8-4f66-9eae-da9137ce2800,"Ils ont choisi leur vie. Maintenant, leur fils doit choisir la sienne."
62cb78d0-9091-49e3-944e-b0497ad00bc3,If you're not back by midnight... you won't be coming home!
294f2132-f5a8-4c6d-a714-de488b91614d,Un flic de Chicago des collines du Kentucky. Chasser l'assassin de son frère. À la recherche de la justice à la campagne.
211ca561-4eca-438c-9c28-6d451be556ca,"Dans un monde de choix, pour un homme il n'y a pas de choix. . . il doit affronter L'OCTOGONE"
8cbc1811-3cae-4fe0-8280-351083bfc84d,The tradition lives on!
822611b3-b602-4a2a-b05c-8e9e8a838b5d,"L'histoire drôle, touchante et totalement irrésistible d'une relation de travail qui s'est transformée en une amitié de 25 ans."
d3824840-3587-4dce-8cbd-e33a5fbcd956,The story of the greatest evil ever known to man... His ex-wife.
53f53d54-909d-4d54-91d8-3867f12fbc85,"Une comédie sur la vie, l'amour et le doux art d'élever des enfants."
670236d3-ea63-470e-97e8-c0f5e72994bd,"Son nom de code est Le Condor. Dans les prochaines 24 heures, tous ceux en qui il avait confiance vont essayer de le tuer."
26cb0688-95e1-428d-85db-f7dc40299767,There's something funny going on in Washington. Goldie's about to become a diplomat.
e7552d37-4b10-4cfe-ad78-630398326076,"12,000 babies will be born in the United States today. Two will already have fallen in love."
c3dc760d-27c9-4adc-b6cb-ba70c594cc42,Le prochain cri que vous entendrez pourrait être le vôtre !
f14881a9-5334-4c8a-897c-a6fa778b1d8d,America's most unlikely hero.
9b0a0e7b-cdab-4b12-b52f-5411f533045e,Le plaisir n'a pas de limite
fb885f6c-2858-4bca-a5de-0d32f02c4da8,Une histoire entre deux actions de Thanksgiving
abf9ba0e-c894-4ec1-b41f-a5df4c7c3073,Getting even is a full-time job.
19b189cd-b3bb-48f9-8e90-f24bfdff6a6a,La plus grande romance et aventure du millénaire!
0cb2fbf6-629d-49f5-b9d8-7e8bda4ef777,Que la Farce soit avec vous.
820c275d-c4e2-43bb-8b30-3f6c9a20b2c8,Ne lui posez pas de questions et personne ne meurt.
297971d8-2037-4602-bfe0-55a86373f043,"Deux flics, Glover a une arme, Gibson est une arme."
68849748-7927-4f66-b233-4a51a16c359a,"You have never seen it before! A New torrent of emotions! A New Triumph of Film-Making from Embassy Pictures who brought you ""Divorce Italian Style"" and ""Yesterday, Today and Tomorrow"" now brings you..."
a4ab06e6-d3cc-4a88-ab35-ae00be821b8d,Jamais une chasse au trésor n’aura été aussi amusante !
0571777d-2e0c-4f2b-b50d-32011a13f048,Tout peut arriver pendant les canicules de l'été.
fe55d6cd-c08e-480b-88bd-47514e41c6c1,An adventure on a world beyond the stars.
d0f2d733-ecc6-4eb2-87c5-1218bbd412d8,Derrière la brume… l'horreur !
4def4746-2c11-4722-907a-206091dbb233,Before man walked the earth... it slept for centuries. It is evil. It is real. It is awakening.
a37fdcf1-3da1-4b21-9448-627c00b7cc27,Une aventure explosive!
52cd1c0a-8e41-4900-b19d-471533663396,De l'innocence perdue au courage retrouvé. Une histoire vécue.
16a096c9-2238-4e9a-9d37-4ab5e01c9ce2,Ils feraient n'importe quoi pour une histoire… et le feraient.
b5b84180-2618-4185-974e-a6b1069ade81,On ne peut pas aller plus vite que le tonnerre.
0944b012-1785-43dd-b6f9-aa80dcba3095,"Luxure, séduction, vengeance, une intrigue cruelle et rafinée"
717a72d4-4173-45a1-8c0d-0257a2a73f24,Un voyage qui commence… là où tout se termine !
5ea10cfa-7beb-419c-a264-0149ecaeacdf,"Bernie may be dead, but he's still the life of the party!"
2c150bd9-8672-480b-9897-8c11b45232e7,Il y a plus d'une façon de tuer un homme !
d4978c4e-a859-4b56-90d8-1cf9517c49f0,"Anarene, Texas, 1951. Rien n'a vraiment changé…"
35db83a0-9d4d-4d07-9a79-65289c6eb695,C'est seulement humain à l'extérieur...
7d70f298-2fa1-4c23-88ef-4e0ab08aa30b,Some Friendships Last Forever
298d8469-5755-4530-918e-4273dc6734f6,"If you're a kraut, he'll take you out!"
28688d9a-f217-4eb2-8904-8d0b20cd4ea3,Harry Caul est le meilleur pour s'introduire dans votre vie privée.
4c3ac173-6289-48be-8828-2182cda024d8,La terrible menace rôde encore… et frappe !
0dda06e7-f237-4be3-af30-febc7288fd81,Freddy delivers.
b4e26409-3d12-4a4d-8456-6fe025e8f681,"C'est une machine à tuer. On lui a appris à traquer, entraîné à tuer, programmé à détruire."
be36fe7f-1957-4f0d-8279-626af4836d76,L'histoire vraie d'un ninja américain.
58a6ed2a-66db-4fc9-841d-4ae529281938,Une bataille livrée dans les étoiles... Arrive maintenant sur Terre.
f622ee9d-e05b-4b5b-9770-f6e90002f2c2,L'homme de vos rêves est de retour
8176df23-7dae-42ce-88a7-03845f3180c2,"Hill et Spencer ! Une paire de grandes gueules, voleurs de voitures, coureurs de jupons, grossiers… et ce sont les gentils !"
bd6a47b4-1e08-44e9-8710-11a7e2c98790,Nettoyer le quartier le plus mal famé du monde quand on est les plus mauvais policiers de la terre : où est le problème ?
e776936e-33d3-4d3a-acc0-0420bea383be,Smokey's Back! And The Bandit is at it again!
81c8b023-4496-49fb-9e26-92faa7a658a7,"Sept suspects, six armes, cinq cadavres et trois dénouements."
e22e7cf4-7b93-432e-b40d-029da41d2ce4,Jamais si peu d'entre eux n'en ont pris autant.
7c8c2683-415e-434a-9500-4b1f8008bfc7,Ils ont entrepris de braquer une banque... et ont failli gagner une guerre à la place !
77064b45-71f2-46d5-a555-b5c0b9825fe3,Préparez-vous pour quelques histoires sordides !
110277c6-291b-44af-bc08-b544e8b93944,Tonight is what it means to be young.
975a2e79-c241-4641-8d1c-7a69ecdb00bf,Woody Allen takes a nostalgic look at the future.
4a06c72d-8031-4f66-a8da-69a18e300277,L'avenir de la planète est entre leurs mains... Sauvez-vous si vous le pouvez !
29808405-2dca-4267-8695-49d12cf5ab40,"Les seuls salaires qui valent la peine d'être courus, de mourir, de tuer, sont les salaires de la peur."
61db6124-a035-4d3c-a3c8-57be133ec0b4,For each of man's evils a special demon exists...
35f02c8e-5a0b-4440-a056-292d2fc776b2,C'est quand ils sont sur la branche qu'on les tire le plus facilement
791c2c1c-83cf-4f80-8d85-803e67ef0aa2,"En 1917, dans le quartier chaud de la Nouvelle-Orléans, ils l'appelaient ""Pretty Baby"""
6ec09e2c-630b-402a-ba94-a8ce2e49ff7a,"Mixed up at birth, two sets of twins finally meet their match."
be9cd0ad-2eea-422b-b799-1d14c89f41c7,People are the ultimate spectacle.
87a739c0-2e2e-4b0c-b247-e7f9b96a4524,"Aux USA, 7 millions de spectateurs n'en dorment plus la nuit !"
c526f27a-27ad-4313-a425-e2d1bf1a7695,"Si la société ne veut pas punir les coupables, il le fera."
8a47c98e-bd2c-4321-9aa7-4cfa54a77aa3,Le face à face.
1024ed3f-3baf-4a38-ba49-bbad769794ca,"When passion and hatred know no limits, expect no mercy."
16084877-9f51-4589-a908-d22cee95c5d0,Her last request was his first mistake.
33d93675-b798-4094-ad97-b75b628ce5aa,"Fun at Sea! His Cabin, His PJs, Her Move!"
7d5d6f30-3865-466f-b564-5605b174558b,L'arnaqueur n'est plus ce qu'il était.
2fbdc317-2395-4b5b-a837-8cbfc3bf78ad,Et on dit que la foudre ne tombe jamais deux fois au même endroit ! ?
c5c7641e-23b2-4802-927f-b8b865676b11,Des êtres d'une autre dimension ont envahi votre monde.
46da3e13-f5c0-4f86-8d06-80e108ee67a8,Ils ne se feront jamais attraper. Ils sont en mission de Dieu.
443831f0-1997-46a9-b3aa-4bca0d810fc5,Un film pour tous ceux qui ont toujours rêvé à une seconde chance.
e4f8ffec-b637-4d95-abba-9d39dbc4e7de,Le vol de banque a été facile... Sortir de New York a été un cauchemar.
ddedbc4a-f4a5-48e2-943d-b45464777741,Quand certains craquent… d'autres s’éclatent !
72d2eaed-0542-408f-aeb1-899b034bbb76,A singing plant. A daring hero. A sweet girl. A demented dentist. It's the most outrageous musical comedy in years.
aeb23eb9-0888-45df-8be3-03a864b89bda,Watch out! They get you while you're sleeping!
e3233e37-056b-4a27-a24a-5464b17f6f65,Là où les vantards affrontent les nullards
229f40ae-7d14-4c29-9b05-677127c52c0a,This is the face of Theresa Dunn. Teacher of deaf children by day...good time girl by night.
c9279dea-d67e-4bc4-8b51-4a5985319dde,What one loves about life are the things that fade.
f5e8e8e5-d700-4da5-8e3f-be02eef4db66,Not everyone who runs a city is elected.
96616c6e-c776-4870-9566-0d2d52dc9aee,"Si le futur était entre vos mains, le changeriez-vous ?"
79aeb14f-57aa-4c77-be76-49742fe1c84d,L'homme sans nom est de retour.
d71ced87-d64b-479b-be89-0480057491e6,"À sa manière, il est peut-être l’homme le plus dangereux qui ait jamais vécu !"
a086a022-e9c5-412c-a65b-c7d31aa2638b,"Pour trois hommes, la guerre civile n'était pas un enfer. C'était de la pratique."
c59dd8c6-d7ad-4b9a-aa7e-6c1bb0fe581a,Le retour n'était que le début.
2cc372d3-42f6-4fb1-bb97-e1622e03e4f5,A federal agent is dead. A killer is loose. And the City of Angels is about to explode.
f0dd1121-2a44-41a0-b928-53fe376919c0,"Ce fut d’abord de maître à élève. Puis de père à fils. Maintenant, c’est d’homme à homme."
573e750a-f81d-4976-855e-482446986abd,Un amour pris dans le feu de la révolution.
43e3d766-9e1f-4a97-95cd-dc70d372e760,"La vie ne lui a rien donné, excepté le courage de vaincre... et une femme à aimer."
b47a9464-d849-4f44-86ad-47c6675e539f,"David est absent depuis huit ans, mais il a une excuse absolument fantastique"
1a4c5050-61d4-4a8a-a8cf-b765c0df29b9,For those who have never seen it and those who have never forgotten it.
850769ed-fa63-4286-b13d-932363e27e25,Nous pouvons faire tout ce que nous voulons. Nous sommes étudiants !
1d07f895-825a-40b2-ba9e-a081a0c7c18c,A woman born for love. A man born to love her. A timeless moment in a world gone mad.
fcb51b86-70e3-4d20-aeaf-f02445111879,"Jamais il n'aurait imaginé changer sa façon de vivre, de penser, de travailler."
54fbe8cf-cbcf-4ec4-9f4c-d915a86fbad9,Vous finirez par croire qu'un canard peut parler.
0fe838a8-be13-4443-bf72-3a54763106de,Gonflées comme du pop-corn... Secouées comme un milk-shake !!!
7c6d966a-5dc4-4acd-a81f-31a41ff56a3b,WARNING: In this movie you are the victim.
b554f3f3-15bb-41ff-a309-1686e267f977,Une offre que vous ne pouvez pas refuser.
99453a7a-20fd-4a14-bcef-d2cd298afa93,Le vrai pouvoir ne se donne pas. Il se prend.
2c6eb50a-9967-4c50-aff2-b475ef2f4d4a,Il y a en Jack Putter un héros qui sommeille.
d35c0bc4-1258-4981-9999-93d0875a9ce2,"Enfants, ils se sont dit qu'ils mourraient l'un pour l'autre. Adultes, ils l'ont fait."
9945aa3f-72b1-4b9d-af01-8e4dd4bee884,"Lorsque la température monte, le suspense commence."
be4e67ba-9b89-48aa-a80b-4d1809f2b195,The image of a generation.
ce66d214-40dd-4552-ac18-82e7f447ed81,Personne ne les avait prévenus. Parce que personne n'en est jamais revenu.
1b68aafd-d702-4e1b-8eb1-2d604d1a95f3,Al Pacino is Cruising for a killer.
c14bdfce-1acd-4b00-bbc3-55d386496f69,The Defense Never Rests
98fa072c-5e2a-4909-906c-e58ec7166e19,"In our time, no foreign army has ever occupied American soil. Until now."
fb0cef9c-293b-440c-b8d8-9f9bb546ef12,La terreur au-delà de vos rêves les plus fous
20c7f39b-0a2a-49a1-8cdb-b4667f5ede9e,"Cette fois, le combat est réel."
92704ab7-0d3c-4336-a5d8-8fca7dddd481,Elle a acheté un jeune homme pour satisfaire ses désirs de femme mature
944a87a0-c5dd-4702-a385-d5810548d50d,"An army of forgotten heroes, all officially dead. They live for combat. Now they've met the wrong man."
cefeebba-dac2-41d9-a71e-18809a9b17a1,A wild and crazy love story.
eab407f3-3cc4-489b-b1e7-419382189d23,"Well, any scientist who makes a girl like this can't be all mad."
ee15eab3-de37-4288-a87b-50b59c1ea114,"At a tough school, someone had to take a stand...and someone did. Together, one teacher and one class proved to America they could..."
5bcb1ffd-323f-4a42-8e8a-81a00b0bb2f8,Le plus effrayant dans les cauchemars de Jacob Singer c'est qu'il ne rêve pas
b119378c-5baa-4550-aaf1-511e678d0862,L'histoire est sur le point d'être réécrite par deux gars qui ne savent pas épeler.
12fd30a8-7bdf-4d9e-961f-8a572dce5285,Even in war… murder is murder.
4f7a014e-28f1-4305-8d6b-356a3527c224,Une histoire d'amour pur.
d64fcd75-eb7e-4fba-b87e-31576d4bca1b,"Dans le désert, personne ne vous entend frimer."
e4957250-4a75-4404-8bbc-e76fb66b6816,"Cette fois, c'est la guerre !"
6ef01826-1f6d-4d78-ae48-3b2d523ecd31,Les histoires pas ordinaires d'une fille ordinaire ...
c304aaa9-5b37-4a24-9ddd-98c690406217,It's about staying alive.
a530452f-c280-4ff2-b428-498e11f9965f,"L'époque était agitée, et ardente était l'histoire d'amour de Jivago, sa femme et la tendre Lara."
4350c8ed-5a6e-470c-b844-5e9a25624bcc,Al Capone : Il dirige Chicago avec un pouvoir absolu. Personne ne peut le toucher. Personne ne peut l’arrêter.
cee8b14c-1134-47cd-b1b7-c7bb03dab17f,Cogne et… gagne !
6438bf14-a798-4aa8-9141-8e3e32b1b7b1,"Seule la chance a pu les réunir. Maintenant, rien ne peut les séparer."
31fa61a3-e8a0-4043-9f4c-faa282204b42,Dying is easy. Comedy is hard.
aa925142-61a3-4add-934c-c00234aa076f,Meet Sam Quint... Stealing from him is the biggest mistake you can make.
ff66cf0a-d7fd-4b7d-bfa0-157f4b217b0d,...a motion picture for all times!
322fafd2-4df9-4bfe-8d92-ede6f3ef3370,He's one man racing against time to stop the most explosive conspiracy in history.
07c1d2ac-091d-476b-b30b-d30efc1408dc,No one said surviving high school would be easy.
a070af5f-58be-484b-9664-1af410a13bc1,An irreverent romp that raises hell
d0048d5a-a14c-4632-babb-d6a86c283f5a,He might be able to hold back the river. But could he hold back the greed of man?
bb1c1796-02bd-4e81-abb3-3611dd478e99,"Le flic, personne ne peut arrêter. Même les flics."
a09f3729-02ec-4cdc-b725-7d3d8aacf1a3,Il faut traverser l'Enfer avant d'arriver au Paradis
f3454b4b-e653-49e7-af78-2305a060ba31,Her dream was to coach high school football. Her nightmare was Central High.
aa23728a-e333-4017-8d5c-fc862164b0c0,L'histoire vraie et choquante de Henry Lee Lucas.
9f26573b-a155-46ae-be69-48d774da2192,A powerful true story of bitter revenge...
5fe0d823-9259-4998-a395-861e1946a86e,There's no such thing as an overnight success. Brantley Foster took two weeks.
340e2d99-e155-421f-a1cb-3c37c1e6dd62,A rags to riches to rags story.
9930f882-5192-44df-b0d1-5404c6c9fc5f,Cry 'Havoc!' and let slip...
ef1d8b1e-29d9-47e5-b24a-6f9d57b441fa,Pas de retraite. Pas de capitulation.
d3224051-5aa9-4ce4-bd3c-26df06154acd,Ce flic a une arme redoutable: Vos secrets les plus intimes.
2ef7e64b-a35e-42c7-9b1e-77cf2583d2cd,Ils sont quelque chose de plus que des amants qui sont sur le point de devenir quelque chose de moins qu'humain.
d53dc599-8f53-4126-ac4c-3fd638237a0d,"An Outrageously Funny Tale of Lust, Passion and Jealousy!"
7bafe08b-bbd5-434f-a7e4-d3116d3a7d85,Escaped convicts disguised as priests. It'll take a miracle to get away with this one.
0379b8cf-d9fc-425e-91d7-5547d07e2bdf,"Ils sont seuls en mer. Quand un inconnu leur demande de l'aide, ils font l'erreur... d'accepter."
b7a1eaa3-3e71-4c21-b65c-085e80bd8c06,A love story... With strings attached!
dbd0a08d-9a91-4e52-963f-2e64d32108bf,Chris and his dad have accidentally changed bodies - but no big deal. Chris gets the Jag and the Gold Card. Dad gets the fake ID and the bio final.
8c08813e-d689-4798-ba4b-958a70dbfa8c,"200 ans après, enfin la vérité."
eb3bd49a-5a9f-4fe5-beb0-636b43f30d64,Television will never be the same.
06c4facc-5295-4322-b56c-db3a4bcc68dc,"Girls go wild, boys go crazy, and dads go nuts!"
18766fb3-a537-4d48-9944-520e52914b11,Devant la carence de la police... Il fera sa loi... À sa façon
fc4202e2-2111-435a-9876-071b6f952792,"Ever since two enterprising young men turned the City Morgue into a swinging business, people have been dying to get in."
68959ddd-5d76-47c4-8ec7-e63e28183472,The first lady gunfighter.
9602769f-264c-4d44-a114-d03888fabdbf,Charlie détient en elle la puissance d'une arme nucléaire...
88eea9c4-353a-48b7-a3e6-4fe37d95fda4,Nothing Will Prepare You For THE HAND.
a0dc6ccc-9bd5-4cfb-8e1b-44ab54a26341,Vous allez sentir la chaleur...
66fc8aa3-9f89-46ad-9e68-5d8a73aa599e,Sa cliente est une affaire.
3edf5b73-7f1e-4230-a6ba-19627fd594d3,He's crude. He's crass. He's family.
4b0dfb56-2c07-443a-abb5-b5346f9d240a,Le diable est de retour… mais il n'a encore jamais eu affaire à un exorciste comme lui !
09e41c81-135b-4da0-ad5a-191c6184d4c5,"Un homme, une femme et un lapin emmêlés dans une drôle de salade."
d422b501-42fe-4625-8106-8542f114b1c9,C'EST LE FUTUR. Les machines sont programmées pour se retourner contre nous. Quelqu'un doit arrêter le fou qui a tout déclenché.
8f2d1e9d-386c-4466-be0b-8b7c268557b3,Leur deuxième chance dans la vie pourrait bien être leur dernière !
8c6937de-5b2e-4a8c-8f3b-4c3313bfe5fb,"Il y avait trois hommes dans sa vie. Un pour la prendre, un pour l'aimer et un pour la tuer."
86da70a8-36f3-4b04-b22a-922121d5dcd7,Qu'est-ce qui était pire ? Le meurtre ou ce qui a suivi ?
2fe555a1-2fa7-4e31-841b-807f5ba8231b,Trahi par le pouvoir. Corrompu par l'amour. Lié par l'honneur.
a324e893-daf3-403e-9461-725b2719ae17,Who lit the fuse that tore Harold's world apart?
9fd982e4-58fb-47c8-ada0-0e70c24e35fc,"The wildlife is wild, but his brother-in-law in unbearable."
3334e94a-8520-44b5-a603-61fb731b9e53,Breaking up is hard to do.
e8f449a0-4fce-460c-9d1b-d1de6ebb13ac,Cable Hogue says … “Do unto others … as you would have others do unto you.”
7f93885e-24e8-4748-8d05-6365ecd545d3,Sex. Love. Marriage. Some people don't know when to quit.
a55dfd9e-b0d7-48f8-98bd-32e6e2a4eb1b,"Derrière l'uniforme d'un soldat exemplaire: la peur, l'espoir, l'amour."
a05095d4-3c17-460f-af2d-4b2a3fa3c868,Trente ans passés dans la Mafia
62b843b0-747e-4746-ac9d-c2c02c77f2fb,"Quand maman va travailler, papa devient fou furieux!"
5b23e4f4-9418-4060-b61f-35e77d3ea051,His struggle for fame was over. His fight for respect was just beginning.
42997904-0677-4cb6-b48e-e525d9489334,"He was on his way to the Dean's List, but he wound up on the hit list."
b3e7519c-3dc0-4adb-934f-27ff81d4f3a8,"Retour dans une galaxie… loin, très loin."
5cd8aeea-a1a3-445f-956b-d83d76f29ccc,The true story of the friendship that shook South Africa and awakened the world.
73ba754c-c5aa-4df9-9ca2-7f4d87f73cfe,Kevin Bacon is Jack Casey. He traded in his three-piece suit for a ten-speed and the streets.
9f5d32e3-b646-4632-9b26-f10de8a97099,Savage pursuit in the wilderness!
384e6083-8c63-4f37-bf8b-9bd6f32eb129,Elle voulait une alliance. Il lui donna une guitare... Un clin d'oeil du destin fit le reste
93b91b65-6c71-45b3-989d-32ba79ee14f3,Convention outraged. A class abandoned. A country betrayed.
77f75a75-3828-4c8c-9e11-e11d70e4837e,Des hommes inchangés dans un pays en mutation
73ded726-63ba-44f2-9f49-a17ddb85182d,Il ne connaît que l’innocence. Elle ne voit que la beauté.
02c096ca-5ffc-4312-aa5f-06f56fa9d78c,Personne ne s'est jamais échappé d'Alcatraz… et personne ne le fera jamais!
100110e9-eba4-4fe0-8f3e-2d94403cf624,Falling for a beautiful woman can be murder!
c76ae65b-8806-472b-ba53-dc2e8a410de5,"Steve Martin, chirurgien de renommée mondiale, a mis au point la boîte crânienne à vis pour les opérations du cerveau. Ayez confiance !"
9476b162-2855-4dee-bf69-9e9ad7c5e5db,Monsters by the millions - and they're all for real!
8360dd9f-bf78-428d-8e26-82179778fd96,James Bond a‐t‐il enfin trouvé adversaire à sa taille ?
33a71b7d-8fd2-468a-9cc6-76b5eaeefad9,They rob banks. She steals hearts.
1392b51c-4682-42e0-91da-460378d7c20e,Action et acrobaties non-stop
6e6f8c8f-2a53-4976-ac9c-0af088598bb2,"Trois vies, deux mondes, un rêve : la Liberté."
2cce685a-546e-49c0-851a-866afec66733,Certaines lignes ne doivent pas être franchies.
09a46216-8692-4891-a660-270766434be5,Vous voyagez dans un espace fantastique dont les seules frontières sont celles de l'imaginaire.
7da97a42-fb54-4758-908c-1d77c261defc,Two garbagemen who know when something smells funny!
7947776c-bf2f-4433-a9cc-55b0c87b9d97,L'attraction de sièges réservés la plus importante de l'année !
f4a74ee8-dee1-40b4-9701-a5dbc4a708c8,Juste pour le plaisir !
0164b5c5-f399-4302-858a-27cf859649cd,Four guys on a field trip to reality.
248aa666-db83-47db-bfeb-615f73c82f22,A comedy about someone you know.
c20fa6a1-e746-4daa-9328-b6147d9cf2c2,Vous souhaiterez que ce ne soit qu'un horrible cauchemar…
6ec762c7-6fe1-4765-9a5e-b0f4417ab551,"He enrolled in college for the pursuit of finer things...like co-eds, shapely professors, fun and rock and roll."
b3882a26-093d-442f-a804-2d7495c177c2,Fantasy...beyond your imagination
2f01c3a6-9d98-4472-8eab-e6cbb1b71f49,Être une femme  n'empêche pas de passer à l'action
3199ee14-7abe-4a3b-90e2-0fa8f8fdb5e3,"Si vous croyez à l'impossible, l'incroyable peut se réaliser."
8214af15-1bc1-4d8d-a9cb-3a92bd1fc898,Elle est la fille la plus sexy de Rio ! Elle est aussi la fille de son meilleur ami !
92471016-8027-42f3-9e11-4640337fbaa2,Taram parviendra‐t‐il à sauver son cochon et le monde de Prydain ?
aed645de-dc98-49c8-a7ff-9852703f0296,It's not a kid's game anymore.
bca9d452-44d5-4720-b463-9ba6686ffcdd,La tromperie est dangereuse. Le désir est mortel.
282330c1-0388-4210-9a52-0712795edda6,Une vie si scandaleuse qu'il faut deux femmes pour l'assumer !
1d3426d5-7879-4284-b1ce-e62433bea41a,Tout a commencé comme des vacances
a6c9099e-8968-44df-9808-c44cf7cfb788,Ils n'avaient rien à perdre. ... Et ils ont tout gagné !
5476f3ee-8581-4785-9da0-93e8d8de5d57,Tout à fait charmant. Tout à fait séduisant. Parfaitement dangereux.
6f98bf27-0bcf-479c-9aab-0f846af4951f,Un monstre plus terrifiant est né !
b9913040-e911-480f-8e7f-6894d5770c8f,It's a tough job but somebody's got to do it!
10952e4b-be34-472b-a574-83213f6445c3,He has everything at stake. He can't afford to lose. He's got to make all the right moves.
1440652f-90b3-4722-b13a-a6df61e00f5b,"Elle en pince pour vous, mais vous ne le savez pas…"
8e64d07b-c607-4172-bb56-3c7074d39fb0,L'humour dévastateur de l'équipe de « Y a-t-il un pilote dans l'avion ? »
25012235-1cca-477f-864d-183b93abc443,Prenez la grande route vers la Chine... pour une aventure que vous n'oublierez jamais.
a373147b-adcc-4a30-8a8e-4c60af79c83e,Ils étaient les meilleurs enfants du quartier ... jusqu'à ce qu'ils décident qu'il était temps de se battre.
4bfe438d-95a2-4ba3-add6-6a96501b7799,"Étranglée, torturée, brûlée, avec moi c'est différent"
83605ae6-182c-428c-b63a-8c2f4a764761,"One meal, two men."
6d4decac-4b66-46b1-8ca0-665cd1cca476,Comment j'ai appris à ne plus m'en faire et à aimer la bombe.
d050276d-ce01-4af4-a7a3-be287ae17fab,La rencontre la plus proche de l'homme.
45a2170c-8a7d-4602-a3a1-01a76f00b0a4,"Pour le sauver, il s'attaque à l'US Air Force !"
b3748c6e-684e-40d2-9515-74b520d357a4,What he really wanted was to spend Thanksgiving with his family. What he got was three days with the turkey.
731ec75a-21e9-4398-8ec6-6a893b3c5d75,"Avec ces personnes essayant de le tuer, Joey Boca pourrait vivre éternellement"
d4a1c489-5d3d-4bfc-8905-3c60dc9a2a0e,"La sécurité, c'est : pas de sexe. Beaucoup trop dangereux."
d395a29d-d608-4d7a-9138-b1337087962b,Il y a un miracle à être jeune... et une crainte.
c31b4ab4-1006-47c1-bb25-d18df8e12b53,Faites passer l'avertissement.
1522626d-7db1-4fd2-9585-b537c5e28d25,L'exploit le plus secret de toute la guerre
d8e7cf59-87c4-425d-a47f-7074547b1a5f,Elle a 15 ans. Il a 17 ans. L'amour que tous les parents redoutent.
a00d5467-b255-4298-accb-a5ff9e6a64be,She planned on her husband's death. But not on his coming back for revenge.
eed8c483-0632-490f-b3e4-3bfd7b0eb109,The Bride had 8 Boys and Girls. The Groom had 10 Boys and Girls. Their wedding night set new attendance records.
80c56c40-2586-4e84-a739-d3f5a47100cc,L'heure des Héros est arrivée.
86486e49-4ae6-4bc5-a146-deb4baab1bdd,Nice guys finish last. Meet the winners.
387a6920-3a76-429e-b786-ed42cf3d171e,Du plus profond la terreur refait surface.
47fd3c5e-f64d-46e0-841d-6dec6e2ac201,"Introducing the plans for a new business venture: ""The Italian Job."""
53c4983a-9bac-4df6-82e6-d73d77784c06,"Elle pensait que garder des enfants était de l'argent facile, jusqu'à ce qu'elle commence à traîner avec les Anderson."
b3d4c686-9b90-4407-8274-eee541b7f465,Un film... pas comme les autres
88d667aa-e90e-4886-8ef0-2b840bcbf514,On atteint rarement le sommet sans y laisser des plumes.
4c275261-7078-4df8-bc1f-ecec5c1b2f0a,A date with her is every man's dream come true. And with dreams like her - who needs nightmares?
357d0c16-f76b-4202-baaa-d5d096d44418,"Non seulement il parle, mais en plus il dit ce qu'il pense."
d0f364a6-72fb-4609-872f-baa112cd854e,"Maintenant qu'il a une petite sœur, ils sont deux à dire ce qu'ils pensent."
bee41a21-5453-4af9-8279-416bd3a51c41,A haunting tale of sexuality in a country gone wrong.
fed1bcbe-4057-4bf7-8c10-03758168baf2,Une seule rencontre suffit pour changer leur vie.
2103ebe7-9a6e-4ae3-8b99-bcf890e759df,Elle séduit... Elle tue.
5bf64613-8c78-41e1-8422-742dbce2880c,"Best friends, social trends, and occasional murder."
c69e6abd-3ba8-49c6-9ab6-de98960e0b6a,Je ne suis pas un animal ! Je suis un être humain ! Je suis un homme !
d795a451-d9d6-4abe-96ae-b2aec685a7ef,No cheating! No gambling! No booze! No smoking! No pizza! No nothin'!
2b77d851-2046-4dbd-98ad-981bece7d040,"Qui, au nom de Dieu, s'en tire avec un meurtre ?"
3fab2bfb-6286-4562-bd46-7f293b505844,Quelque chose au-delà de la compréhension arrive à une petite fille dans cette rue.
05abb0d1-5cb5-4362-9761-d1ba6a56a6ed,"Ils changent ses couches, elle change leur vie."
4b23bd12-595a-4e73-a45b-d05239154e06,La haute mer n'a jamais été aussi terrifiante !
072a282c-8cb0-45ca-9908-3742a939e8b2,An adventure of the senses.
5304b461-1f4c-4855-9a72-dc2c94d83f93,"They changed his looks, his life and his future... but they couldn't change his past ."
13febb57-baec-4d5a-a29b-797650b9fb76,Eastside High was out of control...until Joe Clark took it back.
d378a52e-24f3-48d1-b3a7-08f146ed6e37,He's head over heels and headed straight for trouble!
528f55a4-8a1d-45d5-b7c2-961c356ebf96,C'était l'ère du jazz. C'était une ère d'élégance et de violence. L'action était le jeu. Les enjeux étaient la vie et la mort.
b92b14ec-4d9d-43ad-a053-a4b48a264c64,"Mirror, mirror on the wall, who is the murderer among them all?"
aa1a65d9-cc98-4b27-9efa-8b97caf070c2,"Crime de passion, ou trahison ?"
ed893b29-c0f4-45cd-b0af-2544a4da511a,Il a vécu pour un rêve qui ne mourrait pas.
0fb07ade-84a4-4fcc-879a-4c618f4e206e,… where crime is a family affair.
a38d9fea-e9e2-4b58-aace-8c2329734644,"Le détective le plus dur de Moscou, le flic le plus fou de Chicago."
ba2e877b-8d83-4f0c-b663-5186240fdafe,The terror starts the moment he stops.
8993a383-837f-46d2-92ba-4c3c16a0dcc0,Quelque chose de différent. Quelque chose d'audacieux. Quelque chose de dangereux.
bc48cc80-12ea-499b-90b4-4e4bf78fbd2a,"Le supplice d'une nation, le courage d'un seul homme."
2d5d54d4-5c35-4579-bc95-c29519130fa0,"Unfortunately, they're both on our side."
2d161238-ff0a-4beb-a519-6ff08711f8cf,…il suffit d'un peu de confiance.
e38b3744-f845-49ec-b122-217208fb9f0b,"Parfois, le rire est une question de vie ou de mort."
72266abe-5dba-40af-a967-188452b7f3b5,Imagine! A scientific genius named H. G. Wells stalks a criminal genius named Jack the Ripper across time itself in the most ingenious thriller of our time.
bb9a82bd-a3fe-423e-8393-c4adaa0c213f,"C'est la journée la plus chaude de l'été. Vous ne pouvez rien faire, vous pouvez faire quelque chose, ou vous pouvez…"
fceba032-705b-45f5-b81b-69077c6253ee,Il est allé trop loin.
2d507451-8619-49de-980c-547588be5cd1,Vivez une aventure hors du commun... à l'intérieur du corps humain.
8ee695fb-790f-4673-8c3b-b9cb234485ef,Entraînez-les ! Excitez-les ! Armez-les ! … Puis lâchez-les sur les Nazis !
c6864498-cb48-4084-92da-c72dcac1412f,You see them on the street. You watch them on TV. You think they're people just like you. You're wrong. Dead wrong.
35cb7c48-e8be-4c7f-89bb-0f82d9400ccc,"Pour briser le chauffeur, le flic était prêt à enfreindre la loi."
1c341d63-a67e-4d50-ad51-fa72ee49c7b0,The power of evil is no longer in the hands of a child.
468b17ba-26e7-4c43-882e-126bd9b848b1,A violent crime. A secret affair. A single witness.
8f59635a-1f9a-450c-b22b-6d9eea34ffc8,They're in Love Three Times and Three Ways...In One Movie!
db4fbe3e-b2bb-4464-b1c6-069f31f1ea34,Des terriens dans un fabuleux et périlleux voyage dans l'espace !
62e09e32-730a-4618-a00d-7251340fe6de,"Avec les filles, l'important n'est pas de démarrer, mais de foncer !..."
